section,code,display_name,base_price
"Прием (осмотр, консультация) для амбулаторных пациентов",202202,"Прием (осмотр, консультация) врача-ортодонта первичный (амбулаторно)",1100.0
"Прием (осмотр, консультация) для амбулаторных пациентов",202203,"Прием (осмотр, консультация) врача-ортодонта повторный (амбулаторно)",200.0
"Прием (осмотр, консультация) для амбулаторных пациентов",202204,"Прием (осмотр, консультация) врача-стоматолога-терапевта первичный (амбулаторно)",1100.0
"Прием (осмотр, консультация) для амбулаторных пациентов",202205,"Прием (осмотр, консультация) врача-стоматолога-терапевта повторный (амбулаторно)",200.0
"Прием (осмотр, консультация) для амбулаторных пациентов",202206,"Прием (осмотр, консультация) врача-стоматолога-ортопеда первичный (амбулаторно)",1100.0
"Прием (осмотр, консультация) для амбулаторных пациентов",202207,"Прием (осмотр, консультация) врача-стоматолога-ортопеда повторный (амбулаторно)",200.0
"Прием (осмотр, консультация) для амбулаторных пациентов",202208,"Прием (осмотр, консультация) врача-стоматолога-хирурга первичный (амбулаторно)",1100.0
"Прием (осмотр, консультация) для амбулаторных пациентов",202209,"Прием (осмотр, консультация) врача-стоматолога-хирурга повторный (амбулаторно)",200.0
"Прием (осмотр, консультация) для амбулаторных пациентов",202255,"Прием (осмотр, консультация) врача-стоматолога детского первичный (амбулаторно)",1500.0
"Прием (осмотр, консультация) для амбулаторных пациентов",202256,"Прием (осмотр, консультация) врача-стоматолога детского повторный (амбулаторно)",500.0
"Прием (осмотр, консультация) для амбулаторных пациентов",202257,"Прием (осмотр, консультация) врача-стоматолога хирурга детского первичный (амбулаторно)",1500.0
"Прием (осмотр, консультация) для амбулаторных пациентов",202258,"Прием (осмотр, консультация) врача-стоматолога хирурга детского повторный (амбулаторно)",500.0
Рентгенологическое исследование,800000,Компьютерная томография челюстно-лицевой области,4500.0
Рентгенологическое исследование,800001,Телерентгенограмма в боковой проекции,1500.0
Рентгенологическое исследование,800002,Радиовизиография,400.0
Рентгенологическое исследование,800003,Рентгенография зуба,400.0
Рентгенологическое исследование,800004,Ортопантомография,1500.0
Рентгенологическое исследование,800005,Антропометрические исследования: расчёт боковой телерентгенограммы,3500.0
Рентгенологическое исследование,800006,Описание и интерпретация рентгенографических изображений,4500.0
Снятие оттисков,800100,Снятие оттиска с одной челюсти силиконовым материалом (А - силикон),2100.0
Снятие оттисков,800101,Снятие оттиска с одной челюсти силиконовым материалом (С - силикон),1400.0
Снятие оттисков,800102,Снятие оттиска с одной челюсти полиэфирным слепочным материалом,4200.0
Снятие оттисков,800103,Снятие оттиска с одной челюсти альгинатной массой,1100.0
Снятие оттисков,800104,Снятие оттиска с одной челюсти силиконовым материалом (силиконовый ключ),1000.0
Снятие оттисков,800105,Снятие оттиска с одной челюсти: изготовление индивидуальной ложки,2500.0
Снятие оттисков,800106,Снятие оттиска с одной челюсти с использованием индивидуальной ложки с имплантатов открытым методом,5000.0
Снятие оттисков,800107,Снятие оттиска с одной челюсти с использованием внутриротового оптического цифрового сканера,5000.0
Анестезия,800200,Проводниковая анестезия,900.0
Анестезия,800201,Аппликационная анестезия,400.0
Анестезия,800202,Инфильтрационная анестезия,700.0
Изоляция,800300,Изоляция системой ОптраГейт для улучшенной визуализации полости рта,1100.0
Изоляция,800301,Изоляция системой Коффердам (Раббердам) при сошлифовывании твердых тканей зуба,1500.0
Изоляция,800302,Изоляция системой Коффердам (Раббердам) при восстановлении зуба пломбой,1500.0
Изоляция,800303,Изоляция системой Коффердам (Раббердам) при лечении корневого канала зуба,2000.0
Изоляция,800304,"Изоляция системой Коффердам (Раббердам) при восстановлении зуба вкладками, виниром, полукоронкой, коронкой",3000.0
Неинвазивные,800400,Определение индексов гигиены полости рта,1500.0
Неинвазивные,800401,Определение пародонтальных индексов,1500.0
Неинвазивные,800402,Электроодонтодиагностика (ЭОД) в области 1-го зуба,800.0
Неинвазивные,800403,Глубокое фторирование эмали зуба при гиперчувствительности,800.0
Инвазивные,800500,Избирательное пришлифовывание твердых тканей зуба (диагностическое препарирование),2600.0
Инвазивные,800501,"Трепанация зуба, искусственной коронки",1000.0
Инвазивные,800502,"Удаление внутриканального штифта / вкладки (извлечение анкерного штифта, фиксированного инородного тела, отломков инструментов)",1800.0
Инвазивные,800503,Наложение временной пломбы (Септопак),1000.0
Инвазивные,800504,Наложение временной пломбы светового отверждения,1100.0
Инвазивные,800505,Снятие несъемной ортопедической конструкции,800.0
Инвазивные,800506,Удаление внутриканального штифта / вкладки в процессе ортопедического лечения,4500.0
Инвазивные,800507,Услуги по изготовлению ортопедической конструкции стоматологической: временная фиксация несъемной конструкции,1000.0
Функциональная диагностика и планирование,800600,Антропометрические исследования (медицинское фотографирование),1100.0
Анализ моделей,800700,Исследование на диагностических моделях челюстей. Модель напечатанная на 3D принтере,3500.0
Анализ моделей,800701,Исследование на диагностических моделях челюстей. Гипсовая модель,1000.0
Анализ моделей,800702,Загипсовка моделей в артикулятор,1000.0
Анализ моделей,800703,Исследование на диагностических моделях челюстей в ортодонтии,2000.0
Анализ моделей,800704,Антропометрические исследования моделей челюстей (1 челюсть),2600.0
Анализ моделей,800705,Изготовление контрольной модели: гипсовка модели в артикуляторе с применением лицевой дуги,5000.0
Анализ моделей,800706,Анализ моделей в артикуляторе,7500.0
Анализ моделей,800707,Загипсовка моделей в артикулятор с помощью лицевой дуги,1500.0
Анализ и коррекция прикуса,800800,Кондилография височно-нижнечелюстного сустава,50000.0
Анализ и коррекция прикуса,800801,Определение вида смыкания зубных рядов с помощью лицевой дуги (малый функциональный анализ),25000.0
Анализ и коррекция прикуса,800802,Определение прикуса,1100.0
Анализ и коррекция прикуса,800803,Определение конструктивного прикуса при помощи воскового шаблона с прикусными валиками,2500.0
Анализ и коррекция прикуса,800804,Определение конструктивного прикуса при помощи воскового шаблона с винтовой фиксацией на дентальных имплантатах,7000.0
Анализ и коррекция прикуса,800805,"Исследование на диагностических моделях челюстей с восковой моделировкой (Wax-Up) будущей ортопедической конструкции с целью планирования препарирования, эстетики и функции (1 единица)",2000.0
Анализ и коррекция прикуса,800806,"Определение прикуса при помощи примерки в полости рта результата воскового моделирования (Mock-Up) из временного композитного материала, планирования эстетики и функции (1 единица)",1000.0
Анализ и коррекция прикуса,800807,Коррекция прикуса с использованием съемных и несъемных ортопедических конструкций: изготовление межокклюзионной разобщающей сплинт-шины,25000.0
Анализ и коррекция прикуса,800808,Определение вида смыкания зубных рядов с помощью окклюзионной шины,9000.0
Анализ и коррекция прикуса,800809,Услуги по изготовлению ортопедической конструкции стоматологической: изготовление каппы при бруксизме,6500.0
Анализ и коррекция прикуса,800810,Изготовление боксерской шины,17500.0
Хирургическое планирование,800900,Исследование на диагностических моделях челюстей: изготовление хирургического шаблона для позиционирования имплантатов (до трех единиц),16600.0
Хирургическое планирование,800901,Исследование на диагностических моделях челюстей: позиционирование дополнительного имплантата в хирургическом шаблоне для имплантации,1900.0
Использование операционного микроскопа,801000,Осмотр полости рта с помощью дополнительных инструментов (Использование операционного микроскопа),6000.0
Использование операционного микроскопа,801001,Сошлифовывание твердых тканей зуба с использованием операционного микроскопа,12000.0
Использование операционного микроскопа,801002,Инструментальная и медикаментозная обработка корневого канала с использованием операционного микроскопа,4000.0
Использование операционного микроскопа,801003,Удаление наддесневых и поддесневых зубных отложений с использованием операционного микроскопа,6000.0
Использование операционного микроскопа,801004,Наложение шва на слизистую оболочку рта с использованием операционного микроскопа,1200.0
Профессиональная гигиена и стоматологическое СПА,802000,Профессиональное отбеливание зубов,35000.0
Профессиональная гигиена и стоматологическое СПА,802001,Профессиональная гигиена полости рта и зубов по технологии GBT,19200.0
Профессиональная гигиена и стоматологическое СПА,802002,Профессиональная гигиена полости рта и зубов,9900.0
Профессиональная гигиена и стоматологическое СПА,802003,"Обучение гигиене полости рта и зубов индивидуальное, подбор средств и предметов гигиены полости рта.",1200.0
Профессиональная гигиена и стоматологическое СПА,802004,Избирательное пришлифовывание твердых тканей зуба и полировка пастами (2 челюсти),2500.0
Профилактическая стоматология и пародонтология,803000,Профессиональная гигиена полости рта и зубов (диагностическая гигиена полости рта и зубов),5900.0
Профилактическая стоматология и пародонтология,803001,Ультразвуковое удаление наддесневых и поддесневых зубных отложений аппаратом VECTOR в области 1-й челюсти,13000.0
Профилактическая стоматология и пародонтология,803002,Ультразвуковое удаление наддесневых и поддесневых зубных отложений аппаратом VECTOR в области 1-го зуба,1200.0
Профилактическая стоматология и пародонтология,803003,Введение лекарственных препаратов в пародонтальный карман,800.0
Профилактическая стоматология и пародонтология,803004,Наложение лечебной повязки при заболеваниях слизистой оболочки полости рта и пародонта в области одной челюсти при пародонтологическом лечении,800.0
Профилактическая стоматология и пародонтология,803005,"Временное шинирование при заболеваниях пародонта в области 1го зуба материалом светового отверждения с использованием каркасной ленты Риббонт, Фибер-Сплинт, Гласспан",4100.0
Профилактическая стоматология и пародонтология,803006,Глубокое фторирование эмали зуба,700.0
Профилактическая стоматология и пародонтология,803007,Местное применение реминерализующих препаратов в области зуба,1100.0
Профилактическая стоматология и пародонтология,803008,Удаление наддесневых и поддесневых зубных отложений,600.0
Профилактическая стоматология и пародонтология,803009,Аппликация лекарственного препарата на слизистую оболочку полости рта,900.0
Профилактическая стоматология и пародонтология,803010,"Наложение лечебной повязки при заболеваниях слизистой оболочки полости рта и пародонта в области одной челюсти (Септопак, Диплен, Фармадонт)",1100.0
Профилактическая стоматология и пародонтология,803011,"Фторирование твердых тканей зубов (фторлак, фторгель) 1 зуб",500.0
Общие терапевтические манипуляции,804000,Наложение девитализирующей пасты,1200.0
Общие терапевтические манипуляции,804001,"Восстановление зуба пломбой при лечении некариозных поражений (эрозия, клиновидный дефект, гипоплазия)",9000.0
Общие терапевтические манипуляции,804002,Запечатывание фиссуры зуба герметиком профилактическое,3900.0
Общие терапевтические манипуляции,804003,"Наложение временной пломбы (наложение лечебной прокладки Dycal, Septocalcine)",1000.0
Общие терапевтические манипуляции,804004,"Наложение временной пломбы (наложение прокладки из стеклоиномерного цемента Фуджи VIII, Витребонд, Ионозит)",1100.0
Общие терапевтические манипуляции,804005,"Восстановление зуба пломбой (изготовление временной реставрации прямым методом из композита светового отверждения, полировка)",2500.0
Общие терапевтические манипуляции,804006,"Восстановление зуба пломбой с нарушением контактного пункта II, III класс по Блэку с использованием материалов из фотополимеров восстановление разрушенной стенки зуба для доступа к корневым каналам",2600.0
Общие терапевтические манипуляции,804007,"Избирательное пришлифовывание твердых тканей зуба (шлифовка, полировка пломбы)",1200.0
Восстановление небольших дефектов,805000,"Восстановление зуба пломбой I, V, VI класс по Блэку с использованием материалов из фотополимеров",5500.0
Восстановление небольших дефектов,805001,"Восстановление зуба пломбой с нарушением контактного пункта II, III класс по Блэку с использованием материалов из фотополимеров",6500.0
Восстановление небольших дефектов,805002,Восстановление зуба пломбой IV класс по Блэку с использованием материалов из фотополимеров,8000.0
Эстетические реставрации и подготовка к протезированию,806000,Восстановление зуба пломбой (эстетическая реставрация жевательной группы),8900.0
Эстетические реставрации и подготовка к протезированию,806001,Восстановление зуба пломбой (эстетическая реставрация фронтальной группы),9400.0
Эстетические реставрации и подготовка к протезированию,806002,"Восстановление зуба вкладками, виниром, полукоронкой (художественная реставрация фронтальной группы зубов винирами из светоотверждаемого материала)",10700.0
Эстетические реставрации и подготовка к протезированию,806003,Восстановление зуба пломбировочными материалами с использованием титановых анкерных и стекловолоконных штифтов (build up),10000.0
Эндодонтическое лечение зуба,807000,"Распломбировка корневого канала ранее леченного пастой, гуттаперчевыми штифтами",1400.0
Эндодонтическое лечение зуба,807001,Распломбировка корневого канала ранее леченного фосфат-цементом / резорцин-формальдегидным методом,1900.0
Эндодонтическое лечение зуба,807002,"Инструментальная и медикаментозная обработка корневого канала с использованием машинных инструментов (Mtwo, Pro - Taper - инструменты)",2300.0
Эндодонтическое лечение зуба,807003,Ультразвуковое расширение корневого канала зуба,500.0
Эндодонтическое лечение зуба,807004,Инструментальная и медикаментозная обработка корневого канала,600.0
Эндодонтическое лечение зуба,807005,Инструментальная и медикаментозная обработка корневого канала (диагностическая ревизия корневого канала),500.0
Эндодонтическое лечение зуба,807006,"Временное пломбирование лекарственным препаратом корневого канала (Metapex, Metapaste, Calasept)",1100.0
Эндодонтическое лечение зуба,807007,Пломбирование корневого канала зуба пастой,1400.0
Эндодонтическое лечение зуба,807008,Пломбирование корневого канала зуба пастой (методом латеральной конденсации),1900.0
Эндодонтическое лечение зуба,807009,Пломбирование корневого канала зуба пастой (методом трехмерной конденсации),2200.0
Эндодонтическое лечение зуба,807010,Временное пломбирование лекарственным препаратом корневого канала: внутриканальное отбеливание,2600.0
Эндодонтическое лечение зуба,807011,Закрытие перфорации стенки корневого канала зуба,2200.0
Удаление зубов,808000,"Операция удаления ретинированного, дистопированного или сверхкомплектного зуба с разъединением корней",16800.0
Удаление зубов,808001,"Операция удаления ретенированного, дистопированного или сверхкомплектного зуба",12500.0
Удаление зубов,808002,Операция удаления дистопированного или сверхкомплектного зуба,5500.0
Удаление зубов,808003,Удаление зуба интраоперационное,5500.0
Удаление зубов,808004,Удаление постоянного зуба сложное с разъединением корней,5200.0
Удаление зубов,808005,Удаление постоянного зуба (многокорневого),3800.0
Удаление зубов,808006,Удаление постоянного зуба (однокорневого),2600.0
Удаление зубов,808007,Кюретаж лунки после удаления зуба,500.0
Удаление зубов,808008,Отсроченный кюретаж лунки удаленного зуба,1600.0
Удаление зубов,808009,Наложение повязки при операциях в полости рта c использованием коллагенового материала,1100.0
Удаление зубов,808010,Наложение повязки при операциях в полости рта: перевязка или осмотр после операции (механическая и медикаментозная обработка послеоперационной раны),800.0
Удаление зубов,808011,Внутрикостная дентальная имплантация: извлечение интегрированного имплантата,6800.0
Удаление зубов,808012,Внутрикостная дентальная имплантация: извлечение дезинтегрированного имплантата,3000.0
Острые состояния,808300,Удаление подвижной стенки зуба,800.0
Острые состояния,808301,Вскрытие и дренирование одонтогенного абсцесса,2500.0
Острые состояния,808302,Вскрытие и дренирование абсцесса полости рта,2500.0
Острые состояния,808303,"Лечение перикоронарита (промывание, рассечение и/или иссечение капюшона)",2200.0
Острые состояния,808304,Коррекция объема и формы альвеолярного отростка,9800.0
Острые состояния,808305,Пластика альвеолярного отростка: удаление костного выступа в области 1го зуба,1200.0
Острые состояния,808306,Пластика перфорации верхнечелюстной пазухи,14800.0
Острые состояния,808307,Пластика перфорации верхнечелюстной пазухи с закрытием ороантрального свища,26200.0
Зубосохраняющие и прочие операции,808400,Резекция верхушки корня с ретроградной пломбировкой 1го канала,14600.0
Зубосохраняющие и прочие операции,808401,Цистэктомия с применением пьезохирургического аппарата Mectron,8000.0
Зубосохраняющие и прочие операции,808402,Пластика альвеолярного отростка: обнажение коронки ретенированного зуба,3300.0
Зубосохраняющие и прочие операции,808403,Пластика альвеолярного отростка: клиническое удлинение коронковой части в области 1го зуба с применением пьезохирургического аппарата,6000.0
Зубосохраняющие и прочие операции,808404,Микрохирургическая операция в области одного канала зуба с применением микроскопа (без стоимости работы и расходного материала),11800.0
Забор материала на исследование,808500,Иссечение новообразования мягких тканей,2800.0
Забор материала на исследование,808501,Биопсия слизистых полости рта,3600.0
Забор материала на исследование,808502,Широкое иссечение новообразования мягких тканей,4600.0
Забор материала на исследование,808503,Цистэктомия ретенционной кисты,6200.0
Забор материала на исследование,808504,Удаление камней из протоков слюнных желез,6800.0
Забор материала на исследование,808505,Соскоб слизистых полости рта,3800.0
Костнопластические операции,808600,Пластика альвеолярного отростка. Направленная костная регенерация альвеолярного отростка,21200.0
Костнопластические операции,808601,"Синус-лифтинг (костная пластика, остеопластика) открытый без стоимости костно-пластических материалов",25400.0
Костнопластические операции,808602,"Синус-лифтинг (костная пластика, остеопластика) закрытый без стоимости костно-пластических материалов",18000.0
Костнопластические операции,808603,Костная пластика челюстно-лицевой области: забор аутокостного блока из области косой линии нижней челюсти,19500.0
Костнопластические операции,808604,Костная пластика челюстно-лицевой области: забор аутокости из донорских участков полости рта,17900.0
Кость,808700,"Костная пластика челюстно-лицевой области с применением костно-пластического материала Geistlich Bio-Oss Spongiosa granulat, в гранулах размером 0,25-1 мм, 0.25 г.",18800.0
Кость,808701,"Костная пластика челюстно-лицевой области с применением костно-пластического материала Geistlich Bio-Oss Spongiosa granulat, в гранулах размером 0,25-1 мм, 0.5 г",21400.0
Кость,808702,"Костная пластика челюстно-лицевой области с применением костно-пластического материала Geistlich Bio-Oss Spongiosa granulat, в гранулах размером 0,25-1 мм, 1.0 г",38200.0
Кость,808703,"Костная пластика челюстно-лицевой области : применение костно-пластического материала Geistlich Bio-Oss Spongiosa granulat, в гранулах размером 1-2 мм, 1.0 г",38200.0
Кость,808704,"Костная пластика челюстно-лицевой области : применение материала для замещения костной ткани ""XenoGraft"" в гранулах размером 1,0-2,0 мм; флакон 0,5 г.",27100.0
Кость,808705,"Костная пластика челюстно-лицевой области : применение материала для замещения костной ткани ""XenoGraft"" в гранулах размером 0,2-1,0 мм; флакон 1,0 г.",58700.0
Мембраны,808800,"Костная пластика челюстно-лицевой области : применение биорезорбируемой коллагеновой мембраны ""Geistlich Bio-Gide Shape"" 14x24 мм",26400.0
Мембраны,808801,"Костная пластика челюстно-лицевой области : применение биорезорбируемой коллагеновой мембраны ""Geistlich Bio-Gide Perio"" 25х25мм",32400.0
Мембраны,808802,"Костная пластика челюстно-лицевой области : применение биорезорбируемой коллагеновой мембраны ""Geistlich Bio-Gide Compressed"" 20х30 мм",34800.0
Мембраны,808803,"Костная пластика челюстно-лицевой области : применение мембраны коллагеновой рассасывающейся Straumann Membrane Flex, размер: 15мм x 20мм",31200.0
Мембраны,808804,"Костная пластика челюстно-лицевой области : применение мембраны коллагеновой рассасывающейся Straumann Membrane Flex, размер: 20мм x 30мм",53700.0
Мембраны,808805,"Костная пластика челюстно-лицевой области : применение нерезорбируемой мембраной с титановым усилением ""Cytoplast"" 30х40",47000.0
Мембраны,808806,"Лоскутная операция в полости рта : применение мембраны биорезорбируемой коллагеновой защитной ""Mucograft"" 15х20 мм",34700.0
Мембраны,808807,"Лоскутная операция в полости рта : применение мембраны биорезорбируемой коллагеновой защитной ""Mucograft"" 20х30 мм",53900.0
Вспомогательные материалы,808900,"Костная пластика челюстно-лицевой области : применение материалов Emdogain 0,3 мл (30 мг/мл) и Straumann PrefGel 0,6 мл (24% EDTA)",37100.0
Вспомогательные материалы,808901,Костная пластика челюстно-лицевой области : применение титанового микровинта (1 единица),5900.0
Вспомогательные материалы,808902,Костная пластика челюстно-лицевой области: установка пина для фиксации мембраны (1 единица),3900.0
Вспомогательные материалы,808903,Костная пластика челюстно-лицевой области : применение костного скребка Micross / Safescraper,16300.0
Манипуляции с мягкими тканями,809000,Наложение шва на слизистую оболочку рта,300.0
Манипуляции с мягкими тканями,809001,Снятие послеоперационных швов (лигатур),300.0
Манипуляции с мягкими тканями,809002,Гингивэктомия (в области 1го зуба),1200.0
Манипуляции с мягкими тканями,809003,Вестибулопластика: Иссечение тяжа (хирургический метод),1900.0
Манипуляции с мягкими тканями,809004,"Пластика уздечки языка, нижней и верхней губы",5500.0
Манипуляции с мягкими тканями,809005,Диатермокоагуляция при патологии полости рта и зубов,3400.0
Манипуляции с мягкими тканями,809006,Открытый кюретаж при заболеваниях пародонта в области 1го зуба (с использованием операционного микроскопа),8900.0
Манипуляции с мягкими тканями,809007,Лоскутная операция в полости рта с пластикой рецессии десны в области 1 зуба,12600.0
Манипуляции с мягкими тканями,809008,Лоскутная операция в полости рта с пластикой рецессии десны с пересадкой мягкотканного трансплантата в области 1 зуба,22400.0
Манипуляции с мягкими тканями,809009,Лоскутная операция в полости рта с пластикой рецессии десны с пересадкой мягкотканного трансплантата в области 2-3 зубов,37200.0
Манипуляции с мягкими тканями,809010,Вестибулопластика с воссозданием зоны прикрепленной десны в области 1-3 зубов или имплантатов,9800.0
Манипуляции с мягкими тканями,809011,Вестибулопластика с воссозданием зоны прикрепленной десны в области 4-6 зубов или имплантатов,14500.0
Дентальная имплантация,809100,Внутрикостная дентальная имплантация: установка имплантата Astra Tech (Швеция),74000.0
Дентальная имплантация,809101,Внутрикостная дентальная имплантация: установка заглушки дентального имплантата Astra Tech (Швеция),7200.0
Дентальная имплантация,809102,Внутрикостная дентальная имплантация: установка имплантата Straumann (Швейцария),65900.0
Дентальная имплантация,809103,Внутрикостная дентальная имплантация: установка заглушки дентального имплантата Straumann (Швейцария),5100.0
Дентальная имплантация,809104,Внутрикостная дентальная имплантация: установка импланта Osstem (Южная Корея),44600.0
Дентальная имплантация,809105,Внутрикостная дентальная имплантация: раскрытие дентального имплантата,9400.0
Дентальная имплантация,809106,Внутрикостная дентальная имплантация: установка формирователя десны на имплантат Astra Tech (Швеция),11500.0
Дентальная имплантация,809107,Внутрикостная дентальная имплантация: установка формирователя десны на имплантат Straumann (Швейцария),8900.0
Дентальная имплантация,809108,Внутрикостная дентальная имплантация: установка формирователя десны на имплантат Osstem (Южная Корея),6200.0
Дентальная имплантация,809109,Внутрикостная дентальная имплантация ортодонтического имплантата,18000.0
Дентальная имплантация,809110,Внутрикостная дентальная имплантация: установка заживляющего колпачка на мультиюнит Astra Tech (Швеция),6600.0
Дентальная имплантация,809111,Внутрикостная дентальная имплантация: установка заживляющего колпачка на мультиюнит Straumann (Швейцария),7000.0
Дентальная имплантация,809112,Внутрикостная дентальная имплантация: установка заживляющего колпачка на мультиюнит Osstem (Южная Корея),4400.0
Общие манипуляции,810000,Ортодонтическая коррекция с применением брекет-систем: плановая активация брекет-системы в рамках разработанного лечения (1 зубной ряд),4300.0
Общие манипуляции,810001,Ортодонтическая коррекция с применением брекет-систем: плановый приём врача-ортодонта в рамках разработанного лечения,3600.0
Общие манипуляции,810002,Ортодонтическая коррекция: снятие ортодонтического аппарата,2500.0
Общие манипуляции,810003,Ортодонтическая коррекция: фиксация несъёмного ретейнера (1зуб),1600.0
Общие манипуляции,810004,Ортодонтическая коррекция: фиксация несъёмного ретейнера (до 6 зубов),7000.0
Общие манипуляции,810005,Ортодонтическая коррекция с применением брекет-систем: снятие ретейнеров (1 зубной ряд),6000.0
Общие манипуляции,810006,Избирательное пришлифовывание твердых тканей зуба (сепарация),1200.0
Общие манипуляции,810007,Ортодонтическая коррекция с применением брекет-систем: фиксация эластичной лигатуры,600.0
Общие манипуляции,810008,Ортодонтическая коррекция несъемным ортодонтическим аппаратом: фиксация трубки (кнопки),700.0
Общие манипуляции,810009,Ортодонтическая коррекция съемным ортодонтическим аппаратом: применение ретенционной каппы (1 челюсть),12000.0
Общие манипуляции,810010,Ортодонтическая коррекция с применением брекет-систем: активация брекет системы без смены ортодонтической дуги,3500.0
Общие манипуляции,810011,Ортодонтическая коррекция с применением брекет-систем: активация брекет системы со сменой ортодонтической дуги,6900.0
Общие манипуляции,810012,Ортодонтическая коррекция с применением брекет-систем: использование замка,1200.0
Общие манипуляции,810013,Ортодонтическая коррекция с применением брекет-систем: повторная фиксация 1го брекета,2000.0
Общие манипуляции,810014,"Ортодонтическая коррекция с применением брекет-систем: снятие брекет системы, обработка поверхности зубов (1 зуб)",1200.0
Общие манипуляции,810015,Коррекция съемного ортодонического аппарата,1500.0
Общие манипуляции,810016,Ремонт ортодонического аппарата,6200.0
Общие манипуляции,810017,Припасовка и наложение ортодонтического аппарата,1000.0
Общие манипуляции,810018,Ортодонтическая коррекция брекет-системы с интервалом посещений 4 нед.,6000.0
Общие манипуляции,810019,Ортодонтическая коррекция: наложение дуги металлической,1500.0
Виды лечения (аппараты),810100,Ортодонтическая коррекция: лечение на ортодонтическом мини имплантате включая стоимость расходного материала (в области 1 зуба),28800.0
Виды лечения (аппараты),810101,Ортодонтическая коррекция: исправление аномалий прикуса и положения зубов с помощью двухчелюстных аппаратов,28000.0
Виды лечения (аппараты),810102,Ортодонтическая коррекция: исправление аномалий прикуса и положения зубов с помощью пластинки с винтом (на одной челюсти),17300.0
Виды лечения (аппараты),810103,Ортодонтическая коррекция: исправление аномалий прикуса и положения зубов с помощью простой пластинки (на одной челюсти),13300.0
Виды лечения (аппараты),810104,Услуги по обслуживанию ортодонтических аппаратов: изготовление пластинки (первичной),9000.0
Виды лечения (аппараты),810105,Услуги по обслуживанию ортодонтических аппаратов: изготовление пластинки с 1 винтом,12000.0
Виды лечения (аппараты),810106,Услуги по обслуживанию ортодонтических аппаратов: изготовление пластинки с 2 винтами,14000.0
Виды лечения (аппараты),810107,"Ортодонтическая коррекция несъемным ортодонтическим аппаратом: изготовление сложного двухчелюстного аппарата, регуляторов и различных модификаций функциональных аппаратов",25000.0
Лечение с применением элайнеров,810200,Изготовление элайнера,9400.0
Лечение с применением элайнеров,810201,Ортодонтическая коррекция съемным ортодонтическим аппаратом: диагностика и планирование,32000.0
Лечение с применением элайнеров,810202,Ортодонтическая коррекция съемным ортодонтическим аппаратом: пакет Флексилайнер от 1 до 5 элайнеров,160000.0
Лечение с применением элайнеров,810203,Ортодонтическая коррекция съемным ортодонтическим аппаратом: пакет Флексилайнер от 6 до 10 элайнеров,250000.0
Лечение с применением элайнеров,810204,Ортодонтическая коррекция съемным ортодонтическим аппаратом: пакет Флексилайнер от 11 до 16 элайнеров,320000.0
Лечение с применением элайнеров,810205,Ортодонтическая коррекция съемным ортодонтическим аппаратом: пакет Флексилайнер от 17 до 32 элайнеров,360000.0
Лечение с применением элайнеров,810206,Ортодонтическая коррекция съемным ортодонтическим аппаратом: пакет Флексилайнер от от 33 элайнеров и без ограничения,380000.0
Лечение с применением брекет-систем,810300,Ортодонтическая коррекция с применением брекет-систем: прямая фиксация брекет-системы (1 челюсть),18200.0
Лечение с применением брекет-систем,810301,Ортодонтическая коррекция с применением брекет-систем: эстетические самолигирующиеся брекеты Clarity SL (1 зубной ряд),67000.0
Лечение с применением брекет-систем,810302,Ортодонтическая коррекция с применением брекет-систем: эстетические самолигирующиеся брекеты ASTAR Orthodonthics(1 зубной ряд),67000.0
Лечение с применением брекет-систем,810303,Ортодонтическая коррекция с применением брекет-систем: керамическая брекет-система Aspire (1 зубной ряд),50500.0
Лечение с применением брекет-систем,810304,Ортодонтическая коррекция с применением брекет-систем: брекет- систем Detntaurum Standart Edgewise(1 зубной ряд),35000.0
Лечение с применением брекет-систем,810305,Ортодонтическая коррекция c применением брекет-систем: фиксация металлической брекет-системы,25000.0
Лечение с применением брекет-систем,810306,Ортодонтическая коррекция c применением брекет-систем: фиксация керамической  брекет-системы,30000.0
Лечение с применением брекет-систем,810307,"Ортодонтическая коррекция с применением брекет-систем: снятие брекет системы, обработка поверхности зубов (1 зубной ряд)",14000.0
Лечение с применением брекет-систем,810308,Ортодонтическая коррекция с применением брекет-систем: фиксация частичной брекет-системы (замка) на моляр,1300.0
Лечение с применением брекет-систем,810309,Ортодонтическая коррекция с применением брекет-систем: дополнительный брекет металлический,4800.0
Лечение с применением брекет-систем,810310,Ортодонтическая коррекция с применением брекет-систем: дополнительный брекет керамический,5500.0
Несъемное протезирование,810400,"Сошлифовывание твердых тканей зуба для последующего восстановления вкладкой, накладкой, полукоронкой, коронкой, виниром",3000.0
Фиксация,810500,Услуги по изготовлению ортопедической конструкции стоматологической: постоянная фиксация несъемной конструкции,800.0
Фиксация,810501,"Услуги по изготовлению ортопедической конструкции стоматологической: фиксация безметалловой коронки, вкладки, винира",2800.0
Фиксация,810502,Повторная фиксация на постоянный цемент несъемных ортопедических конструкций,3000.0
Фиксация,810503,Восстановление зуба коронкой: закрытие трансокклюзионной шахты винта в коронке композитным материалом,2000.0
Временное протезирование,810600,"Восстановление зуба коронкой временной, изготовленной клиническим путём",3000.0
Временное протезирование,810601,"Восстановление зуба вкладками, виниром, полукоронкой: винир временный, изготовленный клиническим путём",3500.0
Временное протезирование,810602,"Восстановление зуба коронкой временной, изготовленной лабораторным путём",7000.0
Временное протезирование,810603,Восстановление зуба коронкой временной композитной фрезерованной лабораторным методом,9000.0
Восстановление культи зуба,810700,"Восстановление зуба вкладками, виниром, полукоронкой: культевая вкладка из золотосодержащего сплава (без стоимости драгоценного сплава)",35000.0
Восстановление культи зуба,810701,"Восстановление зуба вкладками, виниром, полукоронкой: вкладка керамическая Emax",20000.0
Восстановление культи зуба,810702,"Восстановление зуба вкладками, виниром, полукоронкой: вкладка из диоксида циркония разборная",22000.0
Восстановление культи зуба,810703,"Восстановление зуба вкладками, виниром, полукоронкой: вкладка из диоксида циркония",22000.0
Восстановление культи зуба,810704,"Восстановление зуба вкладками, виниром, полукоронкой: вкладка культевая КХС (Co-Cr)",9000.0
Восстановление культи зуба,810705,"Восстановление зуба вкладками, виниром, полукоронкой: вкладка культевая КХС (Co-Cr) разборная",13000.0
Безметалловое протезирование,810800,Восстановление зуба коронкой безметалловой высокой эстетики Emax,55000.0
Безметалловое протезирование,810801,Восстановление зуба коронкой керамической на диоксиде циркония (методом послойного нанесения керамики),45000.0
Безметалловое протезирование,810802,Восстановление зуба коронкой керамической на диоксиде циркония,35000.0
Безметалловое протезирование,810803,"Восстановление зуба вкладками, виниром, полукоронкой: винир керамический (методом послойного нанесения керамики)",55000.0
Безметалловое протезирование,810804,"Восстановление зуба вкладками, виниром, полукоронкой: винир керамический из материала Emax",35000.0
Безметалловое протезирование,810805,"Восстановление зуба вкладками, виниром, полукоронкой: винир керамический (методом окрашивания)",25000.0
Металлокерамическое протезирование,810900,Восстановление зуба коронкой,15000.0
Металлокерамическое протезирование,810901,Восстановление зуба коронкой металлокерамической КХС (Co-Cr),15000.0
Металлокерамическое протезирование,810902,"Восстановление зуба коронкой металлокерамической, изготовленной методом сканирования (CAD CAM)",20000.0
Металлокерамическое протезирование,810903,Восстановление зуба коронкой на драгоценном металле (без стоимости драгоценного сплава),45000.0
Услуги,811000,Услуги по изготовлению ортопедической конструкции стоматологической: коррекция протеза,1500.0
Услуги,811001,Услуги по изготовлению ортопедической конструкции стоматологической: перебазировка съемного протеза клиническим методом,6000.0
Услуги,811002,Услуги по изготовлению ортопедической конструкции стоматологической: перебазировка съемного протеза лабораторным методом,9500.0
Услуги,811003,Услуги по изготовлению ортопедической конструкции стоматологической: армирование полного съемного пластиночного протеза,8800.0
Услуги,811004,Услуги по изготовлению ортопедической конструкции стоматологической: изготовление эластической прокладки (лабораторный метод),6000.0
Услуги,811005,Услуги по изготовлению ортопедической конструкции стоматологической: приварка кламмера,2900.0
Услуги,811006,Услуги по изготовлению ортопедической конструкции стоматологической: приварка зуба,3500.0
Услуги,811007,Услуги по изготовлению ортопедической конструкции стоматологической: починка перелома базиса самотвердеющей пластмассой,7900.0
Услуги,811008,Услуги по изготовлению ортопедической конструкции стоматологической: замена матрицы в бюгельном протезе,5400.0
Услуги,811009,Услуги по изготовлению ортопедической конструкции стоматологической: замена втулки аттачмента,4500.0
Услуги,811010,Услуги по изготовлению ортопедической конструкции стоматологической: чистка протеза,4000.0
Виды съемного протезирования,811100,Протезирование зубов полными съемными пластиночными протезами из безакриловой пластмассы,40000.0
Виды съемного протезирования,811101,Протезирование зубов полными съемными пластиночными протезами,32200.0
Виды съемного протезирования,811102,Протезирование зубов полными съемными пластиночными протезами (иммедиат-протез),25500.0
Виды съемного протезирования,811103,Протезирование частичными съемными пластиночными протезами из безакриловой пластмассы,30000.0
Виды съемного протезирования,811104,Протезирование частичными съемными пластиночными протезами,26500.0
Виды съемного протезирования,811105,Протезирование частичными съемными пластиночными протезами (иммедиат- протез),21300.0
Виды съемного протезирования,811106,Изготовление съемного протеза из термопластического материала до 2-х зубов,12700.0
Виды бюгельного протезирования,811200,Изготовление коронки бюгельной,18000.0
Виды бюгельного протезирования,811201,Протезирование съемными бюгельными протезами,44900.0
Виды бюгельного протезирования,811202,Протезирование съемными бюгельными протезами с двумя замками,70800.0
Виды бюгельного протезирования,811203,Протезирование съемными бюгельными протезами с опорноудерживающими кламмерами,55200.0
Виды бюгельного протезирования,811204,Протезирование съемными бюгельными протезами: шинирующий протез,70800.0
Виды бюгельного протезирования,811205,Протезирование съемными бюгельными протезами с одним замком,50100.0
ТРАНСФЕРЫ,811300,Протезирование зуба с использованием имплантата: применение трансфер чека,1500.0
ТРАНСФЕРЫ,811301,Протезирование зуба с использованием имплантата: использование слепочного трансфера Astra Tech (Швеция),5000.0
ТРАНСФЕРЫ,811302,Протезирование зуба с использованием имплантата: использование слепочного трансфера Straumann (Швейцария),4500.0
ТРАНСФЕРЫ,811303,Протезирование зуба с использованием имплантата: использование слепочного трансфера Osstem (Южная Корея),3800.0
ТРАНСФЕРЫ,811304,Протезирование зуба с использованием имплантата: использование слепочного трансфера мультиюнита Medentika (Германия),4000.0
ТРАНСФЕРЫ,811305,Протезирование зуба с использованием имплантата: использование слепочного трансфера мультиюнита Straumann (Швейцария),5000.0
ТРАНСФЕРЫ,811306,Протезирование зуба с использованием имплантата: использование слепочного трансфера мультиюнита Osstem (Южная Корея),3800.0
ТРАНСФЕРЫ,811307,Протезирование зуба с использованием имплантата: использование абатмента для сканирования Medentika (Германия),4000.0
ТРАНСФЕРЫ,811308,Протезирование зуба с использованием имплантата: использование абатмента для сканирования Straumann (Швейцария),5000.0
ТРАНСФЕРЫ,811309,Протезирование зуба с использованием имплантата: использование абатмента для сканирования Osstem (Южная Корея),5000.0
АНАЛОГИ,811400,Протезирование зуба с использованием имплантата: использование аналога имлантата Astra Tech (Швеция),3000.0
АНАЛОГИ,811401,Протезирование зуба с использованием имплантата: использование аналога имлантата Straumann (Швейцария),4000.0
АНАЛОГИ,811402,Протезирование зуба с использованием имплантата: использование аналога имлантата Osstem (Южная Корея),2600.0
АНАЛОГИ,811403,Протезирование зуба с использованием имплантата: использование аналога мультиюнита Medentika (Германия),2500.0
АНАЛОГИ,811404,Протезирование зуба с использованием имплантата: использование аналога мультиюнита Straumann (Швейцария),4000.0
АНАЛОГИ,811405,Протезирование зуба с использованием имплантата: использование аналога мультиюнита Osstem (Южная Корея),2600.0
АНАЛОГИ,811406,Протезирование зуба с использованием имплантата: использование цифрового аналога Medentika (Германия),2500.0
АНАЛОГИ,811407,Протезирование зуба с использованием имплантата: использование цифрового аналога Straumann (Швейцария),4000.0
АНАЛОГИ,811408,Протезирование зуба с использованием имплантата: использование цифрового аналога Osstem (Южная Корея),2800.0
МУЛЬТИЮНИТ-АБАТМЕНТЫ,811500,Протезирование зуба с использованием имплантата: использование прямого мультиюнит абатмента Medentika (Германия),5500.0
МУЛЬТИЮНИТ-АБАТМЕНТЫ,811501,Протезирование зуба с использованием имплантата: использование прямого мультиюнит абатмента Straumann (Швейцария),7500.0
МУЛЬТИЮНИТ-АБАТМЕНТЫ,811502,Протезирование зуба с использованием имплантата: использование прямого мультиюнит абатмента Osstem (Южная Корея),6800.0
МУЛЬТИЮНИТ-АБАТМЕНТЫ,811503,Протезирование зуба с использованием имплантата: использование углового мультиюнит абатмента Medentika (Германия),6100.0
МУЛЬТИЮНИТ-АБАТМЕНТЫ,811504,Протезирование зуба с использованием имплантата: использование углового мультиюнит абатмента Straumann (Швейцария),7500.0
МУЛЬТИЮНИТ-АБАТМЕНТЫ,811505,Протезирование зуба с использованием имплантата: использование углового мультиюнит абатмента Osstem (Южная Корея),7400.0
ВРЕМЕННЫЕ АБАТМЕНТЫ,811600,Протезирование зуба с использованием имплантата: использование временного абатмента Astra Tech (Швеция),5000.0
ВРЕМЕННЫЕ АБАТМЕНТЫ,811601,Протезирование зуба с использованием имплантата: использование временного абатмента Straumann (Швейцария),6200.0
ВРЕМЕННЫЕ АБАТМЕНТЫ,811602,Протезирование зуба с использованием имплантата: использование временного абатмента Osstem (Южная Корея),4200.0
ПОСТОЯННЫЕ АБАТМЕНТЫ,811700,Протезирование зуба с использованием имплантата: использование титанового абатмента Astra Tech (Швеция),6000.0
ПОСТОЯННЫЕ АБАТМЕНТЫ,811701,Протезирование зуба с использованием имплантата: использование титанового абатмента Straumann (Швейцария),9000.0
ПОСТОЯННЫЕ АБАТМЕНТЫ,811702,Протезирование зуба с использованием имплантата: использование титанового абатмента Osstem (Южная Корея),7200.0
ТИТАНОВЫЕ ОСНОВАНИЯ,811800,Протезирование зуба с использованием имплантата: использование титанового основания Medentika (Германия),4500.0
ТИТАНОВЫЕ ОСНОВАНИЯ,811801,Протезирование зуба с использованием имплантата: использование титанового основания  Straumann (Швейцария),4500.0
ТИТАНОВЫЕ ОСНОВАНИЯ,811802,Протезирование зуба с использованием имплантата: использование титанового основания  Osstem (Южная Корея),4600.0
ТИТАНОВЫЕ ОСНОВАНИЯ,811900,Протезирование зуба с использованием имплантата: использование клинического винта Astra Tech (Швеция),2000.0
ТИТАНОВЫЕ ОСНОВАНИЯ,811901,Протезирование зуба с использованием имплантата: использование клинического винта Medentika (Германия),2000.0
ТИТАНОВЫЕ ОСНОВАНИЯ,811902,Протезирование зуба с использованием имплантата: использование клинического винта Straumann (Швейцария),2000.0
ТИТАНОВЫЕ ОСНОВАНИЯ,811903,Протезирование зуба с использованием имплантата: использование клинического винта  Osstem (Южная Корея),3300.0
ДЛЯ СЪЕМНОГО ПРОТЕЗИРОВАНИЯ,812000,Протезирование зуба с использованием имплантата: использование абатмента шаровидного на имплантат Astra Tech (Швеция),15000.0
ДЛЯ СЪЕМНОГО ПРОТЕЗИРОВАНИЯ,812001,Протезирование зуба с использованием имплантата: использование абатмента шаровидного на имплантат Straumann (Швейцария),15000.0
ДЛЯ СЪЕМНОГО ПРОТЕЗИРОВАНИЯ,812002,Протезирование зуба с использованием имплантата: использование абатмента шаровидного на имплантат  Osstem (Южная Корея),12800.0
ДЛЯ СЪЕМНОГО ПРОТЕЗИРОВАНИЯ,812003,Протезирование зуба с использованием имплантата: использование локатор-абатмента Medentika (Германия),8000.0
ДЛЯ СЪЕМНОГО ПРОТЕЗИРОВАНИЯ,812004,Протезирование зуба с использованием имплантата: использование локатор-абатмента Straumann (Швейцария),10000.0
ДЛЯ СЪЕМНОГО ПРОТЕЗИРОВАНИЯ,812005,Протезирование зуба с использованием имплантата: использование локатор-абатмента Osstem (Южная Корея),9200.0
ДЛЯ СЪЕМНОГО ПРОТЕЗИРОВАНИЯ,812006,Протезирование зуба с использованием имплантата: использование матриц Medentika (Германия),7500.0
ДЛЯ СЪЕМНОГО ПРОТЕЗИРОВАНИЯ,812007,Протезирование зуба с использованием имплантата: использование матриц Straumann (Швейцария),7500.0
ДЛЯ СЪЕМНОГО ПРОТЕЗИРОВАНИЯ,812008,Протезирование зуба с использованием имплантата: использование матриц Osstem (Южная Корея),7600.0
Временное протезирование с опорой на дентальные имплантаты,812100,Протезирование зуба с использованием имплантата: коронка временная на имплантат,8000.0
Временное протезирование с опорой на дентальные имплантаты,812101,Протезирование зуба с использованием имплантата: коронка временная пластмассовая CAD/CAM на имплантат,15000.0
Цементируемое протезирование с опорой на дентальные имплантаты,812200,Протезирование зуба с использованием имплантата: абатмент титановый фрезерованный по технологии CAD/CAM,15000.0
Цементируемое протезирование с опорой на дентальные имплантаты,812201,Протезирование зуба с использованием имплантата: абатмент из диоксида циркония по технологии CAD/CAM,25000.0
Цементируемое протезирование с опорой на дентальные имплантаты,812202,Протезирование зуба с использованием имплантата: коронка металлокерамическая с опорой на имплантат,20000.0
Цементируемое протезирование с опорой на дентальные имплантаты,812203,Протезирование зуба с использованием имплантата: коронка из диоксида циркония на имплантат методом окрашивания по технологии CAD/CAM,20000.0
Цементируемое протезирование с опорой на дентальные имплантаты,812204,Протезирование зуба с использованием имплантата: коронка керамическая на каркасе из диоксид циркония с опорой на имплантат,25000.0
Цементируемое протезирование с опорой на дентальные имплантаты,812205,Протезирование зуба с использованием имплантата: коронка из диоксида циркония на имплантат методом послойного нанесения с индивидуальной эстетикой,55000.0
Винтовое протезирование с опорой на дентальные имплантаты,812300,Протезирование зуба с использованием имплантата: титановое основание стандартное,8400.0
Винтовое протезирование с опорой на дентальные имплантаты,812301,Протезирование зуба с использованием имплантата: коронка металлокерамическая на имплантат с винтовой фиксацией,25000.0
Винтовое протезирование с опорой на дентальные имплантаты,812302,Протезирование зуба с использованием имплантата: коронка из диоксида циркония на имплантат методом окрашивания по технологии CAD/CAM с винтовой фиксацией,35000.0
Винтовое протезирование с опорой на дентальные имплантаты,812303,Протезирование зуба с использованием имплантата: коронка керамическая безметалловая на имплантат с винтовой фиксацией с индивидуальной эстетикой,55000.0
Условносъемное протезирование с опорой на дентальные имплантаты,812400,Протезирование зуба с использованием имплантата: установка съемного протеза на имплантаты с 2 шаровидными абатментами,90000.0
Условносъемное протезирование с опорой на дентальные имплантаты,812401,Протезирование зуба с использованием имплантата: установка условно-съемного протеза на имплантаты (all-on-4),210000.0
Условносъемное протезирование с опорой на дентальные имплантаты,812402,Протезирование зуба с использованием имплантата: установка условно-съемного протеза на имплантаты (all-on-6),260000.0
Условносъемное протезирование с опорой на дентальные имплантаты,812403,Протезирование зуба с использованием имплантата: установка металлопластмассового протеза (фрезерованная балка) на 4-х имплантатах,210000.0
Условносъемное протезирование с опорой на дентальные имплантаты,812404,Протезирование зуба с использованием имплантата: установка металлопластмассового протеза (литая балка) на 4-х имплантатах,160000.0
Условносъемное протезирование с опорой на дентальные имплантаты,812405,Протезирование зуба с использованием имплантата: фрезерованная балка из диоксида циркония на 6 опорах с коронками из диоксида циркония,420000.0
Условносъемное протезирование с опорой на дентальные имплантаты,812406,Протезирование зуба с использованием имплантата: фрезерованная балка из диоксида циркония на 8 опорах с коронками из диоксида циркония,460000.0
Детская стоматология,812500,Обучение гигиене полости рта у ребенка,1600.0
Детская стоматология,812501,"Удаление временного зуба (в период физиологической смены, подвижного)",1200.0
Детская стоматология,812502,Удаление временного зуба (простое),1200.0
Детская стоматология,812503,Удаление временного зуба (сложное),1800.0
Детская стоматология,812504,Удаление временного зуба (многокорневого в стадии обострения),2500.0
Детская стоматология,812505,Удаление временного зуба (многокорневого сложное),2800.0
Детская стоматология,812506,"Восстановление зуба пломбой I, II, III, V, VI класс по Блэку с использованием стоматологических цементов в детской стоматологии",4200.0
Детская стоматология,812507,"Восстановление зуба пломбой I, V, VI класс по Блэку с использованием материалов из фотополимеров в детской стоматологии",4700.0
Детская стоматология,812508,"Восстановление зуба пломбой I, V, VI класс по Блэку с использованием материалов из фотополимеров (Dyract 1)",4500.0
Детская стоматология,812509,"Восстановление зуба пломбой I, V, VI класс по Блэку с использованием материалов из фотополимеров (TWINKY STAR)",4500.0
Детская стоматология,812510,"Восстановление зуба пломбой I, V, VI класс по Блэку с использованием материалов из фотополимеров (временный зуб)",4200.0
Детская стоматология,812511,"Восстановление зуба пломбой I, V, VI класс по Блэку с использованием материалов из фотополимеров (постоянный зуб)",4500.0
Детская стоматология,812512,Восстановление зуба пломбой IV класс по Блэку с использованием материалов из фотополимеров в детской стоматологии,4500.0
Детская стоматология,812513,Восстановление зуба пломбой IV класс по Блэку с использованием материалов из фотополимеров (для постоянных зубов),5100.0
Детская стоматология,812514,Восстановление зуба пломбой IV класс по Блэку с использованием материалов из фотополимеров (Эстетическая реставрация зуба пациента детского возраста),6500.0
Детская стоматология,812515,Восстановление зуба пломбой IV класс по Блэку с использованием стеклоиномерных цементов в детский стоматологии,3600.0
Детская стоматология,812516,"Восстановление зуба пломбой с нарушением контактного пункта II, III класс по Блэку с использованием материалов из фотополимеров в детской стоматологии",3600.0
Детская стоматология,812517,"Восстановление зуба пломбой с нарушением контактного пункта II, III класс по Блэку с использованием материалов из фотополимеров (TWINKY STAR)",2900.0
Детская стоматология,812518,"Восстановление зуба пломбой с нарушением контактного пункта II, III класс по Блэку с использованием материалов из фотополимеров (для постоянных зубов)",4700.0
Детская стоматология,812519,"Наложение временной пломбы (с использованием материалов из фотополимеров, или стеклоиономерного цемента)",700.0
Детская стоматология,812520,"Наложение временной пломбы (изолирующей прокладки Dycal, Vitremer, Vitrebond, Fudji)",700.0
Детская стоматология,812521,Пломбирование одного корневого канала зуба гуттаперчевыми штифтами на основе гуттасилера,1000.0
Детская стоматология,812522,Пломбирование одного корневого канала зуба гуттаперчевыми штифтами на основе силера: AH+,1200.0
Детская стоматология,812523,"Пломбирование одного корневого канала зуба пастой Форедент, цинкоксид-эвгеноловой, эндометазоновой пастой",700.0
Детская стоматология,812524,"Пульпотомия (ампутация коронковой пульпы) (ProRoot MTA, Biodentine)",4800.0
Детская стоматология,812525,Пульпотомия (ампутация коронковой пульпы) (наложение биосовместимого материала),3800.0
Детская стоматология,812526,Пульпотомия (ампутация коронковой пульпы) (наложение резорцин-формалиновой смеси),2800.0
Детская стоматология,812527,"Пластика уздечки языка, нижней и верхней губы в детской стоматологии",6200.0
Детская стоматология,812528,Пластика уздечки языка (у новорожденного),4600.0
Детская стоматология,812529,"Профессиональная гигиена полости рта и зубов (временный, сменный прикус)",4800.0
Детская стоматология,812530,Профессиональная гигиена полости рта и зубов (постоянный прикус),5900.0
Детская стоматология,812531,Запечатывание фиссуры зуба герметиком (инвазивная - с препарированием),3600.0
Детская стоматология,812532,Запечатывание фиссуры зуба герметиком (неинвазивная - без препарирования),2800.0
Детская стоматология,812533,"Запечатывание фиссуры зуба герметиком (временного зуба, молочного моляра)",1800.0
Детская стоматология,812534,Лечение кариеса с применением неинвазивной технологии Айкон,4500.0
Детская стоматология,812535,Покрытие педиатрическими  полосками коронки 3M ™ ESPE ™ (1 зуб),4000.0
Детская стоматология,812536,Восстановление молочного зуба индивидуальной эстетической коронкой,9800.0
Детская стоматология,812537,Покрытие временных зубов 3M Stainless Steel Crowns Коронками из нержавеющей стали,4000.0
Детская стоматология,812538,Удаление корня молочного зуба,1000.0
Детская стоматология,812539,Перевязка после хирургических вмешательств в полости рта,800.0
Детская стоматология,812540,Иссечение новообразований на слизистой и мягких тканях полости рта ( с последующим гистологическим исследованием),4800.0
Детская стоматология,812541,Покрытие временных зубов Saforide ( 1 зуб),1000.0
Детская стоматология,812542,"Раскрытие полости зуба, эвакуация распада пульпы (периодонтит 1 сеанс)",1800.0
